nvar,time
25,0.02093982696533203
100,0.08091092109680176
225,0.2523477077484131
400,0.5885739326477051
625,1.2989389896392822
900,2.7345807552337646
