nvar,time
5,0.002124309539794922
10,0.003765106201171875
15,0.007064342498779297
20,0.007536411285400391
25,0.014778852462768555
30,0.01638484001159668
