nvar,time
25,0.019102096557617188
100,0.09094858169555664
225,0.29367661476135254
400,0.7068943977355957
625,1.4118294715881348
900,2.5954670906066895
1225,4.151087045669556
