nvar,time
25,0.016941308975219727
100,0.24612045288085938
225,2.0820200443267822
400,10.644328832626343
625,40.18007230758667
900,120.35132598876953
1225,306.75932025909424
