nvar,time
25,0.015934228897094727
64,0.10308241844177246
121,0.5327191352844238
196,1.8735268115997314
289,5.855693578720093
400,15.136611461639404
529,34.414379358291626
676,71.98276352882385
841,136.68937945365906
1024,246.0458641052246
1225,428.35811257362366
