nvar,time
20,0.00574803352355957
40,0.01723027229309082
60,0.03490638732910156
80,0.0596013069152832
100,0.08992123603820801
120,0.12779641151428223
140,0.1801900863647461
160,0.23615026473999023
180,0.2966768741607666
200,0.3715956211090088
