nvar,time
25,0.012664794921875
100,0.07728242874145508
225,0.25698184967041016
400,0.6148738861083984
625,1.2319815158843994
900,2.212163209915161
1225,3.5728647708892822
