nvar,time
20,0.00733184814453125
40,0.019869565963745117
60,0.03937530517578125
80,0.06416511535644531
100,0.0987856388092041
120,0.13994836807250977
140,0.1954653263092041
160,0.2549612522125244
180,0.3253147602081299
200,0.4141066074371338
