n_var,time
25,0.011074066162109375
64,0.07330322265625
121,0.3472774028778076
196,1.335911512374878
289,4.013251781463623
400,10.457987308502197
529,24.261219024658203
676,50.85474109649658
841,99.28791284561157
1024,180.1277585029602
1225,307.6178951263428
