n_var,time
25,0.010996103286743164
64,0.07373809814453125
121,0.35346436500549316
196,1.3590354919433594
289,4.113970041275024
400,10.666615962982178
529,24.715954303741455
676,51.73962116241455
841,100.09034752845764
1024,177.03239631652832
1225,300.96451807022095
