n_var,time
25,0.009912967681884766
64,0.06493377685546875
121,0.3015296459197998
196,1.155409574508667
289,3.475517988204956
400,9.012557029724121
529,20.965924501419067
676,43.92295980453491
841,85.49768471717834
1024,156.00963020324707
1225,265.7509591579437
