n_var,time
25,0.010927915573120117
64,0.07158398628234863
121,0.34337282180786133
196,1.3092892169952393
289,3.962062120437622
400,10.284265041351318
529,23.855972290039062
676,49.68262052536011
841,96.17652416229248
1024,171.22721529006958
1225,294.92931032180786
