n_var,time
25,0.014999628067016602
64,0.09237384796142578
121,0.44178128242492676
196,1.728668212890625
289,5.326094388961792
400,13.655175685882568
529,31.318179845809937
676,65.07877206802368
841,120.01958680152893
1024,220.65480875968933
1225,376.43709897994995
