n_var,time
25,0.011260032653808594
64,0.0747230052947998
121,0.3495187759399414
196,1.3290073871612549
289,3.9980075359344482
400,10.391182661056519
529,24.599623918533325
676,49.3324818611145
841,94.97438049316406
1024,170.44327020645142
1225,291.2095820903778
