n_var,time
25,0.013068199157714844
64,0.08711910247802734
121,0.41153860092163086
196,1.59232759475708
289,4.738816261291504
400,12.236831665039062
529,28.673410892486572
676,59.940816164016724
841,117.54813313484192
1024,210.9541037082672
1225,364.66849994659424
