n_var,time
25,0.01114654541015625
64,0.07291936874389648
121,0.3497002124786377
196,1.3330888748168945
289,3.997715473175049
400,10.485453605651855
529,24.291994333267212
676,50.17060422897339
841,97.61497068405151
1024,177.829181432724
1225,298.5330023765564
