n_var,time
25,0.014128446578979492
64,0.10509324073791504
121,0.4769866466522217
196,1.789597988128662
289,5.520601034164429
400,14.378671169281006
529,33.27687048912048
676,69.3824234008789
841,133.0925533771515
1024,239.9609935283661
1225,416.52417397499084
