n_var,time
25,0.01116323471069336
64,0.07462000846862793
121,0.3488938808441162
196,1.327627182006836
289,4.003180980682373
400,10.462339162826538
529,23.683534383773804
676,49.450804471969604
841,95.31414222717285
1024,169.95399856567383
1225,290.6884253025055
