n_var,time
25,0.01120305061340332
64,0.07407212257385254
121,0.3497283458709717
196,1.3352429866790771
289,4.03430700302124
400,10.43558955192566
529,23.774672269821167
676,49.35956048965454
841,94.53997707366943
1024,171.20307970046997
1225,290.83087134361267
