n_var,time
25,0.011307954788208008
64,0.07436728477478027
121,0.34900712966918945
196,1.3296308517456055
289,3.9996631145477295
400,10.343098878860474
529,23.683199167251587
676,49.109845876693726
841,94.96292543411255
1024,183.54344367980957
1225,292.7947926521301
