n_var,time
25,0.011198282241821289
64,0.0741729736328125
121,0.3490591049194336
196,1.3297879695892334
289,4.00691294670105
400,10.36921501159668
529,23.63198232650757
676,49.08952879905701
841,95.01741671562195
1024,171.37291145324707
1225,291.47065830230713
