nvar,time
25,0.018648147583007812
100,0.12888741493225098
225,0.4238603115081787
400,0.995621919631958
625,1.9429373741149902
900,3.3374016284942627
1225,5.314347505569458
1600,7.952646732330322
2025,11.253546953201294
2500,15.36514163017273
