nvar,time
5,0.0011734962463378906
10,0.009022951126098633
15,0.0055294036865234375
20,0.013214349746704102
25,0.015609979629516602
30,0.023467302322387695
