nvar,time
25,0.00656437873840332
100,0.04248762130737305
225,0.12837672233581543
400,0.30006933212280273
625,0.5776495933532715
900,0.9914681911468506
1225,1.5855813026428223
1600,2.334442138671875
2025,3.370525598526001
2500,4.607508659362793
3025,6.1658313274383545
3600,8.031647682189941
4225,10.139755249023438
4900,12.696152210235596
5625,15.908557176589966
6400,19.027970790863037
7225,24.14375925064087
8100,27.317437171936035
9025,32.11293935775757
10000,37.323490619659424
