nvar,time
25,0.01739978790283203
100,0.11364889144897461
225,0.3720133304595947
400,0.8604989051818848
625,1.6607763767242432
900,2.870389461517334
1225,4.515291213989258
1600,6.724097967147827
2025,9.547166585922241
2500,13.070183038711548
3025,17.32467222213745
3600,22.48009419441223
4225,28.459139585494995
4900,35.8512237071991
5625,43.966498136520386
6400,53.496502161026
7225,63.74839425086975
8100,76.01666951179504
9025,89.22138047218323
10000,103.74164199829102
