nvar,time
25,0.01879715919494629
100,0.12932848930358887
225,0.4253964424133301
400,1.0052306652069092
625,1.9513020515441895
900,3.35003924369812
1225,5.327915906906128
1600,7.922364711761475
2025,11.247905492782593
2500,15.47551703453064
