nvar,time
25,0.018929004669189453
100,0.12943816184997559
225,0.4233438968658447
400,0.9928793907165527
625,1.9180326461791992
900,3.308499813079834
1225,5.260028123855591
1600,7.881455183029175
2025,11.262934684753418
2500,15.399718284606934
3025,20.344391345977783
3600,26.555074453353882
4225,33.61122250556946
4900,42.071141958236694
5625,51.64297103881836
6400,63.20404314994812
7225,75.4886999130249
8100,89.47515201568604
9025,105.45735025405884
10000,121.27732062339783
