nvar,time
25,0.006269693374633789
100,0.04043078422546387
225,0.13598990440368652
400,0.32610177993774414
625,0.5864293575286865
900,1.1710147857666016
1225,1.9412331581115723
1600,2.5963802337646484
2025,3.509941577911377
2500,4.6466064453125
3025,6.2428388595581055
3600,8.189010858535767
4225,10.33324384689331
4900,12.929483652114868
5625,17.61418080329895
6400,19.753272771835327
7225,24.11475920677185
8100,29.181752920150757
9025,34.56609272956848
10000,38.833096981048584
