nvar,time
25,0.02390742301940918
100,0.15519142150878906
225,0.48624491691589355
400,1.1354801654815674
625,2.203925371170044
900,3.807555675506592
1225,6.040004253387451
1600,9.007811546325684
2025,12.810335397720337
2500,17.61393690109253
3025,23.32476568222046
3600,30.22069478034973
4225,37.95281267166138
4900,47.690945863723755
5625,59.09492492675781
6400,71.49376225471497
7225,85.62474918365479
