nvar,time
25,0.019582509994506836
100,0.11034631729125977
225,0.35699009895324707
400,0.8256189823150635
625,1.6247835159301758
900,2.7785215377807617
1225,4.4379355907440186
1600,6.552114963531494
2025,9.408086061477661
2500,12.828129768371582
3025,17.083331823349
3600,22.094271898269653
4225,28.225314378738403
4900,35.16276001930237
5625,43.1858127117157
6400,52.718029737472534
7225,62.86421012878418
8100,75.70708322525024
9025,87.77238583564758
