nvar,time
20,0.004902362823486328
40,0.016397714614868164
60,0.03655719757080078
80,0.06730937957763672
100,0.10610389709472656
120,0.15107178688049316
140,0.20264673233032227
160,0.2625596523284912
180,0.34466123580932617
200,0.4429936408996582
220,0.5019896030426025
240,0.5739552974700928
260,0.6667087078094482
280,0.8020362854003906
300,0.9150166511535645
320,1.0259640216827393
340,1.1507163047790527
360,1.27555513381958
380,1.4956486225128174
400,1.7050371170043945
420,1.8146369457244873
