nvar,time
25,0.021985292434692383
100,0.23007416725158691
225,0.8669931888580322
400,2.2914891242980957
625,7.488718271255493
900,9.877867937088013
