nvar,time
25,0.020491838455200195
100,0.1298685073852539
225,0.42389488220214844
400,1.0098302364349365
625,1.9418840408325195
900,3.4012246131896973
1225,5.491744756698608
1600,8.289858102798462
2025,11.702509641647339
2500,15.102185726165771
