nvar,time
25,0.02066326141357422
100,0.1437211036682129
225,0.4734969139099121
400,1.1138687133789062
625,2.163362503051758
900,3.6974453926086426
1225,5.943954944610596
1600,8.809422016143799
2025,12.463701009750366
2500,17.192366123199463
