nvar,time
25,0.020436763763427734
100,0.14043688774108887
225,0.4590034484863281
400,1.0350463390350342
625,1.9967219829559326
900,3.4066855907440186
1225,5.391803741455078
1600,8.155064582824707
2025,11.561844110488892
2500,15.641513109207153
