nvar,time
25,0.01954340934753418
100,0.10908222198486328
225,0.350130558013916
400,0.8245062828063965
625,1.583214521408081
900,2.7422845363616943
1225,4.338002681732178
1600,6.407128810882568
2025,9.243526220321655
2500,12.716088771820068
3025,16.676416158676147
3600,21.705289602279663
4225,27.478602647781372
4900,34.29116106033325
5625,42.330382108688354
6400,51.9097626209259
7225,61.5834436416626
8100,73.70178580284119
9025,86.5125880241394
10000,100.71765851974487
