nvar,time
25,0.021370887756347656
100,0.1487104892730713
225,0.522505521774292
400,1.2375705242156982
625,2.3391873836517334
900,3.9474010467529297
1225,6.266682147979736
1600,9.460664510726929
2025,13.315152883529663
2500,18.783361434936523
