nvar,time
25,0.017327308654785156
100,0.10635161399841309
225,0.30147266387939453
400,0.9491410255432129
625,1.4884586334228516
900,2.6380245685577393
1225,4.212324142456055
1600,6.140354871749878
2025,7.930556774139404
2500,9.906662464141846
