nvar,time
25,0.020470142364501953
100,0.1421980857849121
225,0.46405506134033203
400,1.1003749370574951
625,2.1489789485931396
900,3.6953446865081787
1225,5.85435676574707
1600,8.664505243301392
2025,12.443947076797485
2500,16.94144368171692
