nvar,time
25,0.008212566375732422
100,0.0575559139251709
225,0.23377180099487305
400,0.4527866840362549
625,1.0344486236572266
900,1.7286510467529297
1225,2.5859272480010986
1600,3.638765573501587
2025,5.540147542953491
2500,6.919657230377197
3025,9.322997808456421
3600,11.99937653541565
4225,14.871656894683838
4900,19.065945625305176
5625,23.311148643493652
6400,28.048380613327026
7225,33.56936430931091
8100,40.1335883140564
9025,47.12111186981201
10000,55.835052728652954
