nvar,time
25,0.022176265716552734
100,0.16470050811767578
225,0.5372834205627441
400,1.3518283367156982
625,2.497612714767456
900,3.7100327014923096
1225,6.493969202041626
1600,8.72482442855835
2025,9.521440505981445
2500,12.937180280685425
3025,17.726901054382324
3600,21.180267810821533
4225,36.30785131454468
4900,41.22463035583496
5625,43.69248032569885
6400,62.89408755302429
7225,59.09160494804382
8100,71.95004534721375
9025,88.01358318328857
10000,102.72105312347412
