nvar,time
25,0.018534421920776367
100,0.1294083595275879
225,0.4245626926422119
400,0.9952182769775391
625,1.9354047775268555
900,3.316241979598999
1225,5.304950714111328
1600,7.9006547927856445
2025,11.322843074798584
2500,15.39033579826355
