nvar,time
25,0.01824355125427246
100,0.10149264335632324
225,0.3277573585510254
400,0.7729043960571289
625,1.4880337715148926
900,2.5576701164245605
1225,4.094118595123291
1600,6.075191497802734
2025,8.696686744689941
2500,11.942431211471558
3025,15.790549755096436
3600,20.559412479400635
4225,26.40945029258728
4900,32.55133271217346
5625,39.82664942741394
6400,48.50375747680664
7225,57.920660734176636
8100,68.99464130401611
9025,80.36753797531128
10000,94.11722898483276
