nvar,time
25,0.01866769790649414
100,0.12936115264892578
225,0.42423105239868164
400,0.9982874393463135
625,1.9230046272277832
900,3.294949531555176
1225,5.247156381607056
1600,7.839537143707275
2025,11.128550291061401
2500,15.143691301345825
