nvar,time
25,0.023593425750732422
100,0.22031712532043457
225,0.8826451301574707
400,2.4876537322998047
625,5.715867757797241
900,11.372344970703125
1225,20.178061485290527
1600,33.07632231712341
2025,52.09469389915466
2500,77.38288569450378
