nvar,time
25,0.01544046401977539
100,0.10780572891235352
225,0.34783291816711426
400,0.8125321865081787
625,1.582200050354004
900,2.719338893890381
1225,4.330344915390015
1600,6.44437050819397
2025,9.173278570175171
2500,12.564814805984497
3025,16.722644329071045
3600,21.661704778671265
4225,27.564005851745605
4900,34.49662709236145
5625,42.210463523864746
6400,51.291895151138306
7225,61.56021308898926
8100,73.22454571723938
9025,86.12079429626465
