nvar,time
25,0.018662452697753906
100,0.12859535217285156
225,0.4227588176727295
400,0.9934532642364502
625,1.9258615970611572
900,3.3261146545410156
1225,5.266233921051025
1600,7.847635984420776
2025,11.182063579559326
2500,15.306216716766357
