nvar,time
25,0.017340660095214844
100,0.13747525215148926
225,0.4018094539642334
400,1.040039300918579
625,1.7914223670959473
900,2.5265896320343018
1225,3.934216022491455
1600,8.275923728942871
2025,10.71473503112793
2500,12.804690837860107
3025,28.61866569519043
3600,70.51276230812073
4225,38.27037000656128
4900,29.42886185646057
5625,36.79230499267578
6400,44.01976728439331
7225,47.331249713897705
8100,58.11996078491211
9025,67.41113758087158
10000,78.48154616355896
