nvar,time
25,0.018532752990722656
100,0.12910866737365723
225,0.42081522941589355
400,0.987581729888916
625,1.9166340827941895
900,3.276648759841919
1225,5.205678701400757
1600,7.819207191467285
2025,11.184793472290039
2500,15.237450122833252
