nvar,time
25,0.01845240592956543
100,0.12841367721557617
225,0.42295122146606445
400,0.9954783916473389
625,1.928396463394165
900,3.304079055786133
1225,5.285510063171387
1600,7.878493547439575
2025,11.160792112350464
2500,15.379925012588501
