nvar,time
25,0.015019416809082031
100,0.10488438606262207
225,0.3426024913787842
400,0.7949252128601074
625,1.5568151473999023
900,2.6672780513763428
1225,4.21117377281189
1600,6.28468132019043
2025,8.927027940750122
2500,12.195091247558594
3025,16.208076000213623
3600,21.110351085662842
4225,26.768022537231445
4900,33.40009832382202
5625,41.148353576660156
6400,49.88396883010864
7225,59.98932361602783
8100,71.21230101585388
9025,84.12461733818054
10000,97.5114278793335
