nvar,time
25,0.019481182098388672
100,0.10560798645019531
225,0.3439195156097412
400,0.8074924945831299
625,1.5738224983215332
900,2.6882083415985107
1225,4.279149055480957
1600,6.369819402694702
2025,9.08461594581604
2500,12.421438217163086
3025,16.535199642181396
3600,21.408910512924194
4225,27.08342742919922
4900,33.91214442253113
5625,41.605132818222046
6400,50.54156255722046
7225,60.75633883476257
8100,72.2566888332367
9025,85.44826221466064
10000,98.98047828674316
