nvar,time
25,0.01807689666748047
100,0.12494015693664551
225,0.41302919387817383
400,0.9682893753051758
625,1.8845572471618652
900,3.240571975708008
1225,5.163590431213379
1600,7.640758275985718
2025,10.907461404800415
2500,14.956785917282104
