nvar,time
25,0.020689725875854492
100,0.14417052268981934
225,0.473644495010376
400,1.1076769828796387
625,2.1532044410705566
900,3.716334581375122
1225,5.9063379764556885
1600,8.793588399887085
2025,12.571892499923706
2500,17.137131452560425
