n_var,time
25,0.025429248809814453
100,0.17291927337646484
225,0.5436100959777832
400,1.257032871246338
625,2.420483350753784
900,4.135909080505371
1225,6.486561059951782
1600,9.774417877197266
2025,13.898584604263306
2500,19.12870216369629
3025,25.384730577468872
3600,32.647810220718384
4225,42.04640603065491
4900,51.695109844207764
5625,64.23731827735901
6400,77.62412357330322
7225,92.6933000087738
8100,110.2105348110199
9025,130.24479126930237
10000,152.14159083366394
