n_var,time
25,0.01793360710144043
100,0.11960411071777344
225,0.38912010192871094
400,0.9051854610443115
625,1.7520239353179932
900,3.0412967205047607
1225,4.800877809524536
1600,7.233814001083374
2025,10.236384391784668
2500,14.056276082992554
3025,18.599003553390503
3600,24.179601430892944
4225,30.93660855293274
4900,38.3547043800354
5625,47.13367438316345
6400,57.36812496185303
7225,68.51486134529114
8100,81.91990876197815
9025,96.42502784729004
10000,111.46745276451111
