nvar,time
25,0.022111177444458008
100,0.0938405990600586
225,0.7283573150634766
400,2.6805365085601807
625,12.019100666046143
900,47.91878890991211
