nvar,time
20,0.011176586151123047
40,0.026708126068115234
60,0.0682840347290039
80,0.16179585456848145
100,0.07662153244018555
120,0.1071009635925293
140,0.13966679573059082
160,0.18535470962524414
180,0.22831153869628906
200,0.279557466506958
