nvar,time
25,0.017078399658203125
100,0.08936595916748047
225,0.615487813949585
400,1.6994245052337646
625,10.36435866355896
900,44.90977382659912
1225,137.32597017288208
