nvar,time
25,0.020226001739501953
100,0.09081482887268066
225,0.728431224822998
400,2.672661304473877
625,12.016387701034546
900,47.43891096115112
