nvar,time
25,0.020386219024658203
100,0.08886313438415527
225,0.7220566272735596
400,2.6768760681152344
625,11.752197742462158
900,46.706687450408936
1225,142.19053173065186
