nvar,time
20,0.04780101776123047
40,0.14839720726013184
60,0.33711910247802734
80,0.5749235153198242
100,0.8813555240631104
120,1.2300021648406982
140,1.763899803161621
160,2.2695229053497314
180,2.88891339302063
200,3.5794012546539307
