nvar,time
25,0.023569583892822266
100,0.1109461784362793
225,0.7499997615814209
400,2.054002046585083
625,14.07636547088623
900,57.80599331855774
