nvar,time
25,0.017167091369628906
100,0.08978056907653809
225,0.6220910549163818
400,1.6920886039733887
625,9.983182191848755
900,43.04456925392151
1225,130.0994415283203
