nvar,time
25,0.018599271774291992
100,0.09220123291015625
225,0.6272881031036377
400,1.676044225692749
625,12.439792156219482
900,53.00225257873535
1225,160.40931129455566
