nvar,time
25,1.7705674171447754
100,0.06236577033996582
225,0.2596395015716553
400,0.31395745277404785
625,1.1962838172912598
900,4.676066875457764
1225,12.707346200942993
1600,29.59773874282837
2025,59.801836252212524
2500,120.70538139343262
