nvar,time
25,0.002562999725341797
100,0.012723207473754883
225,0.037734031677246094
400,0.08569550514221191
625,0.15928983688354492
900,0.2728145122528076
1225,0.4131779670715332
1600,0.648033857345581
2025,0.9083600044250488
2500,1.2440102100372314
3025,1.6471772193908691
3600,2.2273623943328857
4225,2.9104812145233154
4900,3.6968958377838135
5625,4.471261024475098
6400,5.701701879501343
7225,6.859089136123657
8100,8.006066799163818
9025,9.747907638549805
10000,11.563575983047485
