nvar,time
25,0.0016236305236816406
100,0.008742809295654297
225,0.027603626251220703
400,0.06256794929504395
625,0.11739134788513184
900,0.19990110397338867
1225,0.3165462017059326
1600,0.4737229347229004
2025,0.6684608459472656
2500,0.923393964767456
3025,1.2173192501068115
3600,1.6400058269500732
4225,2.03594970703125
4900,2.5366604328155518
5625,3.1047475337982178
6400,3.8291828632354736
7225,4.520169496536255
8100,5.350153684616089
9025,6.427820920944214
10000,7.425090551376343
