nvar,time
25,0.005063772201538086
100,0.03142404556274414
225,0.12432575225830078
400,0.36106348037719727
625,0.9086050987243652
900,2.2112717628479004
1225,5.24935245513916
1600,11.843394756317139
2025,23.498676538467407
2500,43.11896729469299
3025,77.32813882827759
3600,129.83099246025085
