nvar,time
25,0.005224704742431641
100,0.035085439682006836
225,0.13310933113098145
400,0.3948976993560791
625,0.9978964328765869
900,2.4508235454559326
1225,5.765620708465576
1600,12.633904457092285
2025,24.830650329589844
2500,44.99813175201416
3025,82.1079158782959
3600,134.58391189575195
