nvar,time
25,0.005331754684448242
100,0.03147292137145996
225,0.11819839477539062
400,0.3450958728790283
625,0.8763406276702881
900,2.1795568466186523
1225,5.083936452865601
1600,11.495263576507568
2025,22.97999382019043
2500,42.23959422111511
3025,76.40429162979126
3600,127.8608238697052
