nvar,time
25,0.012033224105834961
100,0.08282732963562012
225,0.2987802028656006
400,0.8304867744445801
625,1.9331114292144775
900,4.031200647354126
1225,7.812166213989258
1600,14.348729848861694
2025,24.89231300354004
2500,40.558618783950806
3025,65.81389045715332
3600,93.27499008178711
4225,144.1703999042511
