nvar,time
25,0.006793498992919922
100,0.04762983322143555
225,0.16951584815979004
400,0.48528552055358887
625,1.2258579730987549
900,2.8503377437591553
1225,5.978528261184692
1600,11.53648328781128
2025,21.443902254104614
2500,38.42086386680603
3025,84.62915253639221
3600,155.23176407814026
