nvar,time
5,0.0004527568817138672
10,0.0005125999450683594
15,0.0008974075317382812
20,0.001371145248413086
25,0.0015642642974853516
30,0.0023107528686523438
