nvar,time
25,0.003976583480834961
100,0.021174192428588867
225,0.0639045238494873
400,0.14132213592529297
625,0.26529622077941895
900,0.45346832275390625
1225,0.7105920314788818
1600,1.094447374343872
2025,1.5734891891479492
2500,2.1441690921783447
3025,2.848158836364746
3600,3.8154137134552
4225,4.806143522262573
4900,5.9763243198394775
5625,7.399144411087036
6400,9.09542989730835
7225,11.020303726196289
8100,14.349719524383545
9025,18.232415914535522
10000,21.818169832229614
