nvar,time
25,0.0036122798919677734
100,0.01929497718811035
225,0.05694389343261719
400,0.1294405460357666
625,0.24753212928771973
900,0.42112302780151367
1225,0.6567449569702148
1600,1.0273640155792236
2025,1.461632251739502
2500,2.000447988510132
3025,2.638359308242798
3600,3.655428409576416
4225,4.5427000522613525
4900,5.661165714263916
5625,7.05284309387207
6400,8.63604474067688
7225,10.149455070495605
8100,13.298739910125732
9025,18.22742009162903
10000,20.38745093345642
