nvar,time
25,0.002741098403930664
100,0.014713048934936523
225,0.05402326583862305
400,0.12613511085510254
625,0.19440650939941406
900,0.32178640365600586
1225,0.49583864212036133
1600,0.7067935466766357
2025,1.0062119960784912
2500,1.4141151905059814
3025,1.8112926483154297
3600,2.8073525428771973
4225,3.0342907905578613
4900,4.258797645568848
5625,5.0847883224487305
6400,6.691714286804199
7225,7.888846397399902
8100,11.363851308822632
9025,28.23595094680786
10000,22.357447385787964
