nvar,time
25,0.0032308101654052734
100,0.016753435134887695
225,0.04914546012878418
400,0.11120009422302246
625,0.21119022369384766
900,0.3604419231414795
1225,0.5616707801818848
1600,0.8651390075683594
2025,1.2212867736816406
2500,1.6831929683685303
3025,2.2432897090911865
3600,3.0592315196990967
4225,3.8477346897125244
4900,4.774273872375488
5625,5.95361328125
6400,7.330539703369141
7225,8.683372020721436
8100,10.576900720596313
9025,12.716533184051514
10000,14.679993629455566
