nvar,time
25,0.0033659934997558594
100,0.017481327056884766
225,0.05092930793762207
400,0.11472797393798828
625,0.21737980842590332
900,0.36750078201293945
1225,0.5656740665435791
1600,0.8806624412536621
2025,1.2418711185455322
2500,1.718153953552246
3025,2.291524648666382
3600,3.1225497722625732
4225,3.920988082885742
4900,4.876486301422119
5625,6.119814872741699
6400,7.520317792892456
7225,8.86625337600708
8100,10.820220232009888
9025,12.955759525299072
10000,14.985764741897583
