nvar,time
25,0.00435185432434082
100,0.02256464958190918
225,0.06386208534240723
400,0.14378833770751953
625,0.2735457420349121
900,0.4628925323486328
1225,0.7171571254730225
1600,1.0996477603912354
2025,1.5446078777313232
2500,2.140340566635132
3025,2.842885971069336
3600,3.8714144229888916
4225,4.8348388671875
4900,5.989010810852051
5625,7.558399677276611
6400,9.14093017578125
7225,10.970032453536987
8100,14.749293327331543
9025,19.933300971984863
10000,21.066962480545044
