nvar,time
25,0.004469871520996094
100,0.019900798797607422
225,0.05521512031555176
400,0.12496399879455566
625,0.2378382682800293
900,0.3931162357330322
1225,0.6231551170349121
1600,0.9467346668243408
2025,1.358191967010498
2500,1.8956704139709473
3025,2.5063533782958984
3600,3.457514524459839
4225,4.446649789810181
4900,5.712221622467041
5625,7.440726280212402
6400,8.341392040252686
7225,10.058291912078857
8100,14.466148138046265
9025,17.511647701263428
10000,21.085726022720337
