nvar,time
25,0.002679586410522461
100,0.013779401779174805
225,0.04377555847167969
400,0.10140681266784668
625,0.1902604103088379
900,0.31467103958129883
1225,0.48647260665893555
1600,0.7488243579864502
2025,1.0722482204437256
2500,1.4470021724700928
3025,1.939455270767212
3600,2.554304361343384
4225,3.2927539348602295
4900,4.097370624542236
5625,5.07051420211792
6400,6.141704082489014
7225,7.346698999404907
8100,8.959916114807129
9025,10.709178447723389
10000,12.611128330230713
