nvar,time
25,0.0034596920013427734
100,0.01717662811279297
225,0.04928779602050781
400,0.11098670959472656
625,0.20827341079711914
900,0.34874486923217773
1225,0.5358743667602539
1600,0.8179566860198975
2025,1.1651675701141357
2500,1.5680668354034424
3025,2.068786859512329
3600,2.799429416656494
4225,3.5338971614837646
4900,4.401216506958008
5625,5.470071792602539
6400,6.7139952182769775
7225,8.099626064300537
8100,11.297948598861694
9025,15.40846586227417
10000,17.41535472869873
