nvar,time
25,0.0034224987030029297
100,0.017069339752197266
225,0.04871320724487305
400,0.11022520065307617
625,0.20596766471862793
900,0.3451056480407715
1225,0.5324263572692871
1600,0.813267707824707
2025,1.1420485973358154
2500,1.559899091720581
3025,2.0567734241485596
3600,2.7795815467834473
4225,3.495258092880249
4900,4.384484767913818
5625,5.402686834335327
6400,6.598900318145752
7225,8.026144742965698
8100,10.901166915893555
9025,15.12028694152832
10000,17.384352922439575
