nvar,time
25,0.0036487579345703125
100,0.02268671989440918
225,0.07109618186950684
400,0.1885225772857666
625,0.3272078037261963
900,0.5624790191650391
1225,0.8850269317626953
1600,1.3777337074279785
2025,1.9781816005706787
2500,2.7125303745269775
3025,3.642705202102661
3600,4.9618024826049805
4225,6.172877073287964
4900,7.8417768478393555
5625,9.639237642288208
6400,11.688677072525024
7225,14.179502487182617
8100,17.501835823059082
9025,22.770390272140503
10000,27.074962615966797
