nvar,time
25,0.004247903823852539
100,0.02166295051574707
225,0.06374716758728027
400,0.1415855884552002
625,0.26742029190063477
900,0.4604506492614746
1225,0.7232496738433838
1600,1.134218454360962
2025,1.635803461074829
2500,2.242928981781006
3025,2.942591905593872
3600,4.02155876159668
4225,4.966979503631592
4900,6.151815176010132
5625,7.699575185775757
6400,9.351346015930176
7225,11.487537384033203
8100,15.836503744125366
9025,19.239678621292114
10000,23.237539529800415
