nvar,time
25,0.00344085693359375
100,0.018466472625732422
225,0.05482792854309082
400,0.12194585800170898
625,0.2296614646911621
900,0.38752102851867676
1225,0.5956816673278809
1600,0.919863224029541
2025,1.2889816761016846
2500,1.7553529739379883
3025,2.3448686599731445
3600,3.127631902694702
4225,3.952223777770996
4900,4.908504486083984
5625,6.133912086486816
6400,7.561708211898804
7225,8.979670524597168
8100,12.012103080749512
9025,16.699914932250977
10000,18.811447143554688
