nvar,time
25,0.003479480743408203
100,0.017825603485107422
225,0.05268073081970215
400,0.12115836143493652
625,0.22880840301513672
900,0.38853907585144043
1225,0.6080317497253418
1600,0.9533181190490723
2025,1.3574607372283936
2500,1.8395159244537354
3025,2.4203085899353027
3600,3.3036208152770996
4225,4.136016607284546
4900,5.103558301925659
5625,6.379940748214722
6400,7.755675554275513
7225,9.56438422203064
8100,12.725617170333862
9025,16.57658553123474
10000,18.69594097137451
