nvar,time
25,0.004193305969238281
100,0.021462202072143555
225,0.06162071228027344
400,0.13895034790039062
625,0.26128482818603516
900,0.44121313095092773
1225,0.6793642044067383
1600,1.0858523845672607
2025,1.5264647006988525
2500,2.077944278717041
3025,2.717437267303467
3600,3.763789415359497
4225,4.713515281677246
4900,5.951024770736694
5625,7.340763092041016
6400,8.858494997024536
7225,10.74034857749939
8100,14.046391248703003
9025,18.283581495285034
10000,22.21317172050476
