nvar,time
25,0.0033998489379882812
100,0.0182037353515625
225,0.05297589302062988
400,0.1202707290649414
625,0.22477483749389648
900,0.3793642520904541
1225,0.5837409496307373
1600,0.8862688541412354
2025,1.2478549480438232
2500,1.706331729888916
3025,2.2529585361480713
3600,3.0401785373687744
4225,3.8128387928009033
4900,4.738599538803101
5625,5.89138126373291
6400,7.229445934295654
7225,8.729596614837646
8100,11.719515800476074
9025,16.187346696853638
10000,18.694868564605713
