nvar,time
25,0.0039014816284179688
100,0.021602630615234375
225,0.061934709548950195
400,0.14137792587280273
625,0.27167677879333496
900,0.45647430419921875
1225,0.7068305015563965
1600,1.1195402145385742
2025,1.5443542003631592
2500,2.1237945556640625
3025,2.7924234867095947
3600,3.751796007156372
4225,4.794198513031006
4900,5.95844841003418
5625,7.585975408554077
6400,9.064014434814453
7225,10.749475955963135
8100,14.997188806533813
9025,19.814985513687134
10000,21.87290358543396
