nvar,time
25,0.003243684768676758
100,0.017072439193725586
225,0.0491788387298584
400,0.11051821708679199
625,0.2067863941192627
900,0.34992289543151855
1225,0.5365455150604248
1600,0.8208835124969482
2025,1.163543701171875
2500,1.583078145980835
3025,2.0910563468933105
3600,2.81636381149292
4225,3.54890513420105
4900,4.396963596343994
5625,5.497710466384888
6400,6.713312149047852
7225,7.971486568450928
8100,10.989275455474854
9025,15.598819017410278
10000,16.991793155670166
