nvar,time
25,0.003354787826538086
100,0.017090559005737305
225,0.050042152404785156
400,0.11435127258300781
625,0.21449851989746094
900,0.36330342292785645
1225,0.558807373046875
1600,0.8573553562164307
2025,1.211132526397705
2500,1.6589410305023193
3025,2.194326877593994
3600,2.9735729694366455
4225,3.7362987995147705
4900,4.625486135482788
5625,5.731734037399292
6400,7.1051249504089355
7225,8.513752222061157
8100,11.395430088043213
9025,15.264987468719482
10000,17.699512004852295
