nvar,time
25,0.0036542415618896484
100,0.01969456672668457
225,0.057465314865112305
400,0.1369009017944336
625,0.2696421146392822
900,0.43803954124450684
1225,0.6435513496398926
1600,1.0346181392669678
2025,1.4733450412750244
2500,2.096557378768921
3025,2.7474758625030518
3600,3.898757219314575
4225,4.909834384918213
4900,6.043920278549194
5625,7.462522268295288
6400,9.439142227172852
7225,11.719709396362305
8100,13.54259991645813
9025,18.74135422706604
10000,21.618324518203735
