nvar,time
25,0.004446983337402344
100,0.023324251174926758
225,0.0680394172668457
400,0.1546764373779297
625,0.2934689521789551
900,0.4955127239227295
1225,0.7695209980010986
1600,1.185750961303711
2025,1.6733191013336182
2500,2.321261405944824
3025,3.0602474212646484
3600,4.093807220458984
4225,5.1526429653167725
4900,6.411102771759033
5625,8.05863356590271
6400,9.866639614105225
7225,11.977961540222168
8100,15.185757637023926
9025,20.248279333114624
10000,22.916115760803223
