nvar,time
25,0.0036821365356445312
100,0.01866888999938965
225,0.053791046142578125
400,0.12121844291687012
625,0.22827529907226562
900,0.3907597064971924
1225,0.600278377532959
1600,0.9210250377655029
2025,1.2814340591430664
2500,1.768125295639038
3025,2.374732255935669
3600,3.2027840614318848
4225,4.048830270767212
4900,4.9875993728637695
5625,6.20995569229126
6400,7.631072521209717
7225,9.128619909286499
8100,12.923556566238403
9025,16.393432140350342
10000,19.19073987007141
