nvar,time
25,0.0034532546997070312
100,0.017264842987060547
225,0.04934430122375488
400,0.11148977279663086
625,0.2083597183227539
900,0.3515782356262207
1225,0.5380144119262695
1600,0.8291192054748535
2025,1.1518514156341553
2500,1.5841422080993652
3025,2.1039509773254395
3600,2.8304624557495117
4225,3.652820348739624
4900,4.489577293395996
5625,5.607919692993164
6400,6.845139980316162
7225,8.242448568344116
8100,10.88706111907959
9025,15.787501096725464
10000,17.857027769088745
