nvar,time
25,0.002038240432739258
100,0.010587453842163086
225,0.029070615768432617
400,0.06862926483154297
625,0.12397050857543945
900,0.2210395336151123
1225,0.4030735492706299
1600,0.5619184970855713
2025,0.834073543548584
2500,1.1198434829711914
3025,1.4774999618530273
3600,2.362416982650757
4225,2.9125399589538574
4900,3.7246813774108887
5625,3.9990100860595703
6400,5.139802694320679
7225,5.586894512176514
8100,7.306854009628296
9025,8.274693012237549
10000,9.559009075164795
