nvar,time
25,0.0035369396209716797
100,0.019148588180541992
225,0.060572147369384766
400,0.12080788612365723
625,0.22341179847717285
900,0.3505690097808838
