nvar,time
25,0.003629922866821289
100,0.018418312072753906
225,0.05309772491455078
400,0.12018299102783203
625,0.2268688678741455
900,0.38338518142700195
1225,0.5896515846252441
1600,0.9074740409851074
2025,1.29848313331604
2500,1.7551078796386719
3025,2.355360984802246
3600,3.1562771797180176
4225,3.904698610305786
4900,4.887402534484863
5625,6.0990424156188965
6400,7.427302122116089
7225,8.995116233825684
8100,11.757572650909424
9025,16.544854402542114
10000,18.489782094955444
