nvar,time
25,0.0032684803009033203
100,0.017222166061401367
225,0.0511021614074707
400,0.11481285095214844
625,0.21657633781433105
900,0.36783266067504883
1225,0.5716772079467773
1600,0.8926653861999512
2025,1.2507567405700684
2500,1.7225315570831299
3025,2.2936108112335205
3600,3.121880054473877
4225,3.924886703491211
4900,4.880670070648193
5625,6.100772142410278
6400,7.529921770095825
7225,8.85911750793457
8100,10.841591119766235
9025,12.991485595703125
10000,15.004604578018188
