nvar,time
25,0.0018074512481689453
100,0.0077440738677978516
225,0.022382020950317383
400,0.05175065994262695
625,0.10104107856750488
900,0.17383456230163574
1225,0.26143360137939453
1600,0.42197394371032715
2025,0.6465888023376465
2500,0.8807761669158936
3025,1.1918461322784424
3600,1.6708874702453613
4225,2.2245075702667236
4900,2.840543031692505
5625,3.6157736778259277
6400,4.222277879714966
7225,5.262640714645386
8100,6.4106714725494385
9025,8.763902425765991
10000,9.483399152755737
