nvar,time
25,0.001943826675415039
100,0.008538961410522461
225,0.02827620506286621
400,0.05903768539428711
625,0.10930490493774414
900,0.1934218406677246
1225,0.2927281856536865
1600,0.45166921615600586
2025,0.6449754238128662
2500,0.9197454452514648
3025,1.2177162170410156
3600,1.7695508003234863
4225,2.492001533508301
4900,2.9020087718963623
5625,3.5432803630828857
6400,4.760536432266235
7225,5.241058111190796
8100,6.154227018356323
9025,6.926558256149292
10000,12.540228605270386
