nvar,time
25,0.003507852554321289
100,0.017411231994628906
225,0.04984569549560547
400,0.11299443244934082
625,0.2113039493560791
900,0.3580033779144287
1225,0.5529561042785645
1600,0.8561840057373047
2025,1.2059776782989502
2500,1.6481049060821533
3025,2.1945250034332275
3600,2.9706993103027344
4225,3.747403860092163
4900,4.692057847976685
5625,5.789096355438232
6400,7.046483516693115
7225,8.509191274642944
8100,11.560767889022827
9025,16.214796781539917
10000,18.17817234992981
