nvar,time
25,0.004130363464355469
100,0.02115345001220703
225,0.06539011001586914
400,0.14983153343200684
625,0.2990884780883789
900,0.4998025894165039
1225,0.7786641120910645
1600,1.156862735748291
2025,1.686469554901123
2500,2.166773796081543
3025,2.783135414123535
3600,3.787407875061035
4225,4.7632246017456055
4900,5.933792352676392
5625,7.383108139038086
6400,9.057612895965576
7225,10.915594339370728
8100,13.91993522644043
9025,19.167957067489624
10000,21.381362915039062
