n_var,time
25,0.002004384994506836
100,0.010978221893310547
225,0.033309221267700195
400,0.10293292999267578
625,0.1495821475982666
900,0.26630711555480957
1225,0.4293389320373535
1600,0.6445767879486084
2025,0.9360349178314209
2500,1.3180592060089111
3025,1.7714266777038574
3600,2.3727505207061768
4225,2.9830265045166016
4900,3.7655160427093506
5625,4.8296356201171875
6400,5.753451585769653
7225,6.868035793304443
8100,8.424734830856323
9025,9.847498178482056
10000,11.673278331756592
