n_var,time
25,0.002475738525390625
100,0.014007806777954102
225,0.04342985153198242
400,0.12274575233459473
625,0.20384740829467773
900,0.35716724395751953
1225,0.5665113925933838
1600,0.8738155364990234
2025,1.2450306415557861
2500,1.7430140972137451
3025,2.310978889465332
3600,3.125042676925659
4225,3.8589675426483154
4900,5.000897645950317
5625,6.3145060539245605
6400,7.79721212387085
7225,9.047868728637695
8100,11.11495327949524
9025,12.795153856277466
10000,15.037887811660767
