n_var,time
25,0.0018432140350341797
100,0.010330677032470703
225,0.03191637992858887
400,0.0903170108795166
625,0.14026999473571777
900,0.24654698371887207
1225,0.39674973487854004
1600,0.58864426612854
2025,0.8539004325866699
2500,1.160048484802246
3025,1.5641052722930908
3600,2.0503673553466797
4225,2.6043052673339844
4900,3.2840585708618164
5625,4.121280670166016
6400,4.928215265274048
7225,5.950803756713867
8100,7.212909460067749
9025,8.449277400970459
10000,9.889629125595093
