n_var,time
25,0.0020296573638916016
100,0.010986566543579102
225,0.0335843563079834
400,0.09682703018188477
625,0.15237212181091309
900,0.2682304382324219
1225,0.4331202507019043
1600,0.6530241966247559
2025,0.9449384212493896
2500,1.302877426147461
3025,1.7599623203277588
3600,2.3431625366210938
4225,2.9532861709594727
4900,3.722748279571533
5625,4.666570663452148
6400,5.615823268890381
7225,6.792657136917114
8100,8.284111261367798
9025,9.658454418182373
10000,11.234424114227295
