n_var,time
25,0.0018994808197021484
100,0.01039433479309082
225,0.03210258483886719
400,0.0902245044708252
625,0.14391708374023438
900,0.24957585334777832
1225,0.398298978805542
1600,0.6057195663452148
2025,0.872260332107544
2500,1.1905455589294434
3025,1.599487066268921
3600,2.128765821456909
4225,2.690155029296875
4900,3.4318692684173584
5625,4.396301984786987
6400,5.142618656158447
7225,6.224270582199097
8100,7.520718812942505
9025,8.916147947311401
10000,10.222781419754028
