n_var,time
25,0.0018780231475830078
100,0.010282754898071289
225,0.0320284366607666
400,0.0871727466583252
625,0.14057540893554688
900,0.2450881004333496
1225,0.3898022174835205
1600,0.5927283763885498
2025,0.849301815032959
2500,1.1509904861450195
3025,1.5540366172790527
3600,2.0536649227142334
4225,2.575890064239502
4900,3.221693277359009
5625,4.099766969680786
6400,4.897403240203857
7225,5.950655937194824
8100,7.1979124546051025
9025,8.43159818649292
10000,10.113045454025269
