n_var,time
25,0.0019207000732421875
100,0.010501861572265625
225,0.03248405456542969
400,0.08943057060241699
625,0.1452465057373047
900,0.2497093677520752
1225,0.401752233505249
1600,0.602053165435791
2025,0.8783919811248779
2500,1.1938495635986328
3025,1.6158969402313232
3600,2.1530141830444336
4225,2.7284843921661377
4900,3.3939945697784424
5625,4.361066818237305
6400,5.292863845825195
7225,6.369333267211914
8100,7.623982191085815
9025,8.940972089767456
10000,10.436228036880493
