n_var,time
25,0.0
100,0.010253667831420898
225,0.03206777572631836
400,0.07458353042602539
625,0.18685197830200195
900,0.23807692527770996
1225,0.38231372833251953
1600,0.5477519035339355
2025,0.8570041656494141
2500,1.1468658447265625
3025,1.5381815433502197
3600,2.1034555435180664
4225,2.6872305870056152
4900,3.507045030593872
5625,4.548056125640869
6400,5.284249544143677
7225,6.405874490737915
8100,7.577102184295654
9025,8.993744850158691
10000,10.692538022994995
