n_var,time
25,0.002594470977783203
100,0.013031721115112305
225,0.04014015197753906
400,0.11697602272033691
625,0.17829680442810059
900,0.3159794807434082
1225,0.5116395950317383
1600,0.7692019939422607
2025,1.1014165878295898
2500,1.6778697967529297
3025,2.1711502075195312
3600,2.784111499786377
4225,3.5070960521698
4900,4.5517168045043945
5625,5.7869462966918945
6400,6.9995856285095215
7225,8.22437047958374
8100,10.26050615310669
9025,11.805175542831421
10000,14.170839548110962
