n_var,time
25,0.002395153045654297
100,0.013167142868041992
225,0.040344953536987305
400,0.11689591407775879
625,0.18044638633728027
900,0.317943811416626
1225,0.5191953182220459
1600,0.7800109386444092
2025,1.131469964981079
2500,1.5684521198272705
3025,2.0864803791046143
3600,2.8070030212402344
4225,3.5126144886016846
4900,4.421193599700928
5625,5.691930294036865
6400,6.7406580448150635
7225,8.1355721950531
8100,9.960315227508545
9025,11.575168132781982
10000,13.525811672210693
