n_var,time
25,0.002054452896118164
100,0.01104736328125
225,0.03377580642700195
400,0.10607314109802246
625,0.1554570198059082
900,0.27315402030944824
1225,0.4444596767425537
1600,0.6693298816680908
2025,0.9786868095397949
2500,1.3671979904174805
3025,1.8448829650878906
3600,2.4943976402282715
4225,3.1531383991241455
4900,3.956737995147705
5625,5.01936674118042
6400,6.001907110214233
7225,7.237243890762329
8100,8.84934401512146
9025,10.241539239883423
10000,12.053854942321777
