n_var,time
25,0.004999876022338867
64,0.008998870849609375
121,0.025999069213867188
196,0.05299949645996094
289,0.10299825668334961
400,0.11700010299682617
529,0.1740734577178955
676,0.22927117347717285
841,0.2920949459075928
1024,0.5621118545532227
1225,0.6686902046203613
