n_var,time
25,0.001867532730102539
100,0.010184049606323242
225,0.03164267539978027
400,0.08754587173461914
625,0.14056921005249023
900,0.24633336067199707
1225,0.3921165466308594
1600,0.5907642841339111
2025,0.8477599620819092
2500,1.1595911979675293
3025,1.5559320449829102
3600,2.0713860988616943
4225,2.6209323406219482
4900,3.279308319091797
5625,4.131460428237915
6400,4.977004766464233
7225,6.081932544708252
8100,7.374404191970825
9025,8.57906699180603
10000,10.008084058761597
