n_var,time
25,0.0020117759704589844
100,0.011005163192749023
225,0.033748626708984375
400,0.10788464546203613
625,0.15424776077270508
900,0.27376294136047363
1225,0.4483187198638916
1600,0.6965174674987793
2025,1.0251176357269287
2500,1.3737778663635254
3025,1.8473432064056396
3600,2.4807467460632324
4225,3.1003146171569824
4900,3.9163014888763428
5625,4.994558095932007
6400,6.005006790161133
7225,7.197876930236816
8100,8.875552415847778
9025,10.262470245361328
10000,12.041375160217285
