n_var,time
25,0.0019698143005371094
100,0.010862588882446289
225,0.03322625160217285
400,0.09827470779418945
625,0.15044093132019043
900,0.26797056198120117
1225,0.42886781692504883
1600,0.6414976119995117
2025,0.9363827705383301
2500,1.3174769878387451
3025,1.7662091255187988
3600,2.3568263053894043
4225,2.9879002571105957
4900,3.7137534618377686
5625,4.76916241645813
6400,5.697119235992432
7225,6.83444619178772
8100,8.556308507919312
9025,9.822229623794556
10000,11.504383087158203
