n_var,time
25,0.0019958019256591797
100,0.014000177383422852
225,0.042999267578125
400,0.11661481857299805
625,0.1772150993347168
900,0.2884504795074463
1225,0.397672176361084
1600,0.8119106292724609
2025,1.0488343238830566
2500,1.305129051208496
3025,1.909888744354248
3600,2.4160397052764893
4225,3.557657241821289
4900,4.503637075424194
5625,6.294094085693359
6400,7.103285312652588
7225,7.939132452011108
8100,9.726994276046753
9025,11.143099784851074
10000,13.311301231384277
