n_var,time
25,0.003631591796875
100,0.014550209045410156
225,0.047415733337402344
400,0.12411975860595703
625,0.21563053131103516
900,0.3598036766052246
1225,0.5760619640350342
1600,0.8563063144683838
2025,1.2624924182891846
2500,1.774505853652954
3025,2.3935344219207764
3600,3.224032402038574
4225,4.094618082046509
4900,5.034012079238892
5625,6.4274985790252686
6400,7.701430320739746
7225,9.209527492523193
8100,11.302819013595581
9025,13.22432017326355
10000,15.626335382461548
