nvar,time
25,0.017551660537719727
100,0.04341721534729004
225,0.1530606746673584
400,0.5243854522705078
625,1.6187970638275146
900,5.132294178009033
1225,11.97619080543518
1600,29.006619691848755
2025,56.98872971534729
2500,109.3424460887909
