nvar,time
25,0.05671548843383789
100,0.2553114891052246
225,0.9241790771484375
400,3.476633071899414
625,16.116292476654053
900,61.83655142784119
1225,166.9878351688385
