nvar,time
20,0.0480043888092041
40,0.15444278717041016
60,0.3288757801055908
80,0.5716814994812012
100,0.8780677318572998
120,1.2583551406860352
140,1.6974079608917236
160,2.2069761753082275
180,2.8140127658843994
200,3.4533708095550537
