nvar,time
20,0.04769563674926758
40,0.15168380737304688
60,0.3277866840362549
80,0.5658597946166992
100,0.8681225776672363
120,1.2411162853240967
140,1.6811304092407227
160,2.189899444580078
180,2.7750625610351562
200,3.4156179428100586
