nvar,time
25,0.0630183219909668
100,0.309614896774292
225,1.1522352695465088
400,3.9547243118286133
625,17.31694722175598
900,64.98565554618835
