nvar,time
20,0.054650068283081055
40,0.17788410186767578
60,0.3784754276275635
80,0.659592866897583
100,1.011247158050537
120,1.4489870071411133
140,1.9608092308044434
160,2.549003839492798
180,3.2120299339294434
200,3.9970109462738037
220,4.883333444595337
