nvar,time
20,0.039754629135131836
40,0.13500261306762695
60,0.2816035747528076
80,0.4852285385131836
100,0.747624397277832
120,1.0722384452819824
140,1.4496197700500488
160,1.8825790882110596
180,2.3858954906463623
200,2.961930751800537
220,3.5900962352752686
240,4.2616612911224365
