nvar,time
25,0.047576189041137695
100,0.22443795204162598
225,0.9785056114196777
400,3.9637155532836914
625,14.21600604057312
900,51.21385884284973
