nvar,time
25,0.029713153839111328
100,0.03633236885070801
225,0.12215256690979004
400,0.35188961029052734
625,1.2779395580291748
900,4.677548408508301
1225,12.49795126914978
1600,28.568092584609985
2025,56.944974422454834
2500,109.04832458496094
