nvar,time
20,0.04092979431152344
40,0.1291511058807373
60,0.27459168434143066
80,0.47982025146484375
100,0.7407481670379639
120,1.064133644104004
140,1.4197320938110352
160,1.8456766605377197
180,2.35764741897583
200,2.872108221054077
220,3.5358164310455322
240,4.175191879272461
260,4.865516185760498
280,5.65877628326416
