nvar,time
25,0.11318588256835938
100,0.29529404640197754
225,1.0682322978973389
400,3.7704074382781982
625,16.852658987045288
900,59.43838882446289
1225,168.76500272750854
