nvar,time
25,0.23993349075317383
100,0.2585716247558594
225,0.9598491191864014
400,3.252595901489258
625,15.161542177200317
900,57.25733423233032
1225,143.6664958000183
