nvar,time
25,0.043271780014038086
100,0.2252182960510254
225,0.866278886795044
400,2.9303932189941406
625,11.998283624649048
900,44.07762885093689
