nvar,time
20,0.04527139663696289
40,0.14563608169555664
60,0.31121277809143066
80,0.5370650291442871
100,0.8250703811645508
120,1.1864361763000488
140,1.6006438732147217
160,2.0870203971862793
180,2.6666476726531982
200,3.2694711685180664
