nvar,time
25,0.05673503875732422
100,0.03644919395446777
225,0.12387418746948242
400,0.3684115409851074
625,1.2642266750335693
900,4.784745216369629
1225,12.855696439743042
1600,29.47836422920227
2025,60.39182662963867
2500,115.915931224823
