nvar,time
20,0.045838117599487305
40,0.14963030815124512
60,0.3176455497741699
80,0.5548892021179199
100,0.8546149730682373
120,1.2174952030181885
140,1.6464922428131104
160,2.1418399810791016
180,2.7352535724639893
200,3.362545967102051
