nvar,time
25,0.044988393783569336
100,0.21579742431640625
225,0.8136289119720459
400,2.983930826187134
625,13.977415800094604
900,53.78818154335022
