nvar,time
25,0.025544166564941406
100,0.03919863700866699
225,0.12922382354736328
400,0.3775191307067871
625,1.3188674449920654
900,4.919450044631958
1225,13.347534894943237
1600,31.20265221595764
2025,65.4238440990448
2500,122.5331449508667
