nvar,time
20,0.03944897651672363
40,0.12575936317443848
60,0.2669501304626465
80,0.46272969245910645
100,0.7092280387878418
120,1.0290656089782715
140,1.3771629333496094
160,1.8046982288360596
180,2.2547521591186523
200,2.7978882789611816
220,3.418903350830078
240,4.049654483795166
260,4.746563673019409
