nvar,time
20,0.03944230079650879
40,0.12631893157958984
60,0.26377439498901367
80,0.458726167678833
100,0.7052042484283447
120,1.0100555419921875
140,1.3604977130889893
160,1.777402400970459
180,2.237626075744629
200,2.779134511947632
220,3.3698928356170654
240,4.000273704528809
260,4.7263641357421875
