nvar,time
20,0.03924393653869629
40,0.1273207664489746
60,0.27228593826293945
80,0.4719986915588379
100,0.7266340255737305
120,1.0416150093078613
140,1.410510540008545
160,1.8370249271392822
180,2.3257031440734863
200,2.90584397315979
220,3.5226848125457764
240,4.195752382278442
260,4.925302028656006
