nvar,time
25,0.16715526580810547
100,0.2655670642852783
225,0.9972350597381592
400,3.3331384658813477
625,13.099141597747803
900,48.600433588027954
1225,135.29475116729736
