nvar,time
25,0.24817705154418945
100,0.2642934322357178
225,0.9949860572814941
400,3.3284926414489746
625,13.384248733520508
900,50.13076066970825
1225,145.1690809726715
