nvar,time
25,0.1051795482635498
100,0.09980559349060059
225,0.32549500465393066
400,0.8749904632568359
625,2.435529947280884
900,6.45288610458374
1225,14.838103532791138
1600,31.3507661819458
2025,58.017555713653564
2500,115.35095548629761
