nvar,time
25,0.04815840721130371
100,0.22901201248168945
225,0.9990074634552002
400,3.9639158248901367
625,14.26801586151123
900,50.657487630844116
1225,146.38376712799072
