nvar,time
20,0.036390066146850586
40,0.08043885231018066
60,0.2097775936126709
80,0.3537566661834717
100,0.5818514823913574
120,0.8116428852081299
140,1.0191028118133545
160,1.2356011867523193
180,1.5957636833190918
200,2.12115740776062
220,2.394240140914917
240,2.9376039505004883
260,3.438913106918335
280,4.2595226764678955
300,4.903469800949097
