nvar,time
25,0.05123305320739746
100,0.2250523567199707
225,0.9835119247436523
400,3.9416768550872803
625,14.18168306350708
900,51.3002347946167
