nvar,time
25,0.052247047424316406
100,0.15192747116088867
225,0.6079785823822021
400,2.271427869796753
625,9.761023759841919
900,35.91281461715698
