nvar,time
20,0.04799509048461914
40,0.1543903350830078
60,0.33482813835144043
80,0.5923595428466797
100,0.8794093132019043
120,1.2715575695037842
140,1.6483206748962402
160,2.160008430480957
180,2.82114839553833
200,3.5367767810821533
