nvar,time
25,0.05332207679748535
100,0.2704141139984131
225,1.0173275470733643
400,3.570573091506958
625,13.628841876983643
900,48.08987212181091
1225,136.40331959724426
