nvar,time
20,0.017798185348510742
40,0.05569100379943848
60,0.11568808555603027
80,0.1967453956604004
100,0.3023388385772705
120,0.42708897590637207
140,0.5771870613098145
160,0.7512397766113281
180,0.9396252632141113
200,1.1549456119537354
220,1.4103779792785645
240,1.6630308628082275
260,1.9496231079101562
280,2.266106367111206
300,2.6309432983398438
320,3.0010745525360107
340,3.374424695968628
360,3.7877094745635986
380,4.208942413330078
400,4.686403274536133
420,5.221130132675171
