nvar,time
25,0.03271222114562988
100,0.05656862258911133
225,0.18225312232971191
400,0.4931833744049072
625,1.6122746467590332
900,5.382109642028809
1225,13.773284673690796
1600,31.19898271560669
2025,61.17884016036987
2500,120.09284591674805
