nvar,time
20,0.03117656707763672
40,0.0955498218536377
60,0.1988387107849121
80,0.3412909507751465
100,0.5210471153259277
120,0.7460727691650391
140,1.0040919780731201
160,1.3052773475646973
180,1.6655693054199219
200,2.05989670753479
220,2.4892024993896484
240,2.9792323112487793
260,3.4782347679138184
280,4.050368785858154
300,4.663133382797241
320,5.306393146514893
