nvar,time
25,0.040268898010253906
100,0.16070008277893066
225,0.5236032009124756
400,1.3147456645965576
625,3.0561389923095703
900,7.467432737350464
1225,16.06437635421753
1600,28.654250860214233
2025,50.16677379608154
2500,112.93977117538452
