nvar,time
25,0.0006318092346191406
100,0.0027251243591308594
225,0.008643627166748047
400,0.0197296142578125
625,0.038741111755371094
900,0.06533169746398926
1225,0.10432124137878418
1600,0.1537792682647705
2025,0.22582221031188965
2500,0.30350661277770996
3025,0.41245365142822266
3600,0.5383908748626709
4225,0.6927933692932129
4900,0.8444688320159912
5625,1.0714499950408936
6400,1.2787799835205078
7225,1.6402792930603027
8100,1.824845552444458
9025,2.2199714183807373
10000,2.5481629371643066
