nvar,time
25,0.0035429000854492188
100,0.0030851364135742188
225,0.008451700210571289
400,0.019320249557495117
625,0.03762173652648926
900,0.06275582313537598
1225,0.1032860279083252
1600,0.15485024452209473
2025,0.21648478507995605
2500,0.29273009300231934
3025,0.3879969120025635
3600,0.49987339973449707
4225,0.6675176620483398
4900,0.8113265037536621
5625,1.0201404094696045
6400,1.2123734951019287
7225,1.4989559650421143
8100,1.7462425231933594
9025,2.1128451824188232
10000,2.466895341873169
