nvar,time
25,0.0020399093627929688
100,0.01152801513671875
225,0.03710317611694336
400,0.08505821228027344
625,0.15823817253112793
900,0.26833510398864746
1225,0.42060208320617676
1600,0.6392214298248291
2025,0.9037292003631592
2500,1.245234489440918
3025,1.633751392364502
3600,2.2351603507995605
4225,2.7473278045654297
4900,3.4189579486846924
5625,4.1678173542022705
6400,5.219454765319824
7225,6.149503469467163
8100,7.25589656829834
9025,8.694852113723755
10000,10.062462091445923
