nvar,time
25,0.0031735897064208984
100,0.006991863250732422
225,0.027041196823120117
400,0.05542707443237305
625,0.11902022361755371
900,0.171677827835083
1225,0.2818291187286377
1600,0.43131041526794434
2025,0.6057398319244385
2500,0.8129839897155762
3025,1.0499267578125
3600,1.4821405410766602
4225,1.8272790908813477
4900,2.2120048999786377
5625,2.736842393875122
6400,3.4065098762512207
7225,4.084322690963745
8100,4.763893365859985
9025,5.865176677703857
10000,6.5743067264556885
