nvar,time
25,0.0019502639770507812
100,0.011181116104125977
225,0.035813331604003906
400,0.08141708374023438
625,0.1577455997467041
900,0.26459503173828125
1225,0.4104299545288086
1600,0.620858907699585
2025,0.8804569244384766
2500,1.2062187194824219
3025,1.614058494567871
3600,2.176114320755005
4225,2.7241744995117188
4900,3.354611396789551
5625,4.116878032684326
6400,4.966582775115967
7225,6.1106791496276855
8100,7.122989654541016
9025,8.550710678100586
10000,10.001076936721802
