nvar,time
25,0.0027303695678710938
100,0.010909080505371094
225,0.0353238582611084
400,0.07961773872375488
625,0.15015578269958496
900,0.25853896141052246
1225,0.41347813606262207
1600,0.6109559535980225
2025,0.8657534122467041
2500,1.1875793933868408
3025,1.5647342205047607
3600,2.1399307250976562
4225,2.6905481815338135
4900,3.2916975021362305
5625,4.044875621795654
6400,5.033580780029297
7225,5.842800617218018
8100,7.007181167602539
9025,8.313170671463013
10000,9.81056809425354
