nvar,time
25,0.0019915103912353516
100,0.011311531066894531
225,0.036377668380737305
400,0.08275198936462402
625,0.1538541316986084
900,0.2648787498474121
1225,0.4178280830383301
1600,0.6265861988067627
2025,0.8750276565551758
2500,1.216911792755127
3025,1.594038963317871
3600,2.1652944087982178
4225,2.68450927734375
4900,3.335517168045044
5625,4.054203987121582
6400,4.981912851333618
7225,5.938533544540405
8100,7.042402744293213
9025,8.398871660232544
10000,9.671966791152954
