nvar,time
25,0.0005698204040527344
100,0.0026345252990722656
225,0.008214473724365234
400,0.019205093383789062
625,0.036745309829711914
900,0.06237459182739258
1225,0.09925174713134766
1600,0.15315985679626465
2025,0.20846009254455566
2500,0.287872314453125
3025,0.37915754318237305
3600,0.5035200119018555
4225,0.6358809471130371
4900,0.7823052406311035
5625,0.9724998474121094
6400,1.1782443523406982
7225,1.4573948383331299
8100,1.7024452686309814
9025,2.026271343231201
10000,2.363266944885254
