nvar,time
25,0.0009055137634277344
100,0.0056149959564208984
225,0.018185853958129883
400,0.04246354103088379
625,0.0819094181060791
900,0.13942861557006836
1225,0.2190234661102295
1600,0.3317382335662842
2025,0.45949721336364746
2500,0.6314575672149658
3025,0.8369991779327393
3600,1.0932388305664062
4225,1.42466139793396
4900,1.746380090713501
5625,2.137023448944092
6400,2.5867655277252197
7225,3.1315226554870605
8100,3.703604221343994
9025,4.386993408203125
10000,5.06882119178772
