nvar,time,jump_time,toqubo_time
25,0.002100064,0.000980105,0.001106244
100,0.005827078,0.00136962,0.004443411
225,0.017883321,0.002502743,0.015325552
400,0.041674651,0.003803948,0.03784109
625,0.098612456,0.008296586,0.090280605
900,0.205436134,0.019491188,0.18590198200000002
1225,0.342207112,0.021264011,0.320891929
