nvar,time
25,0.00039577484130859375
100,0.00039958953857421875
225,0.0006694793701171875
400,0.0011615753173828125
625,0.0015063285827636719
900,0.002062559127807617
