nvar,time
25,0.0028913021087646484
100,0.013314008712768555
225,0.045830488204956055
400,0.08881950378417969
625,0.1763904094696045
900,0.3002171516418457
