nvar,time,jump_time,toqubo_time
5,0.001006395,0.000601652,0.000393426
10,0.002393508,0.00138293,0.000991727
15,0.002056056,0.000715753,0.001320593
20,0.002245918,0.000958058,0.0012751519999999999
25,0.002191389,0.000770044,0.001405873
30,0.002338204,0.000720077,0.00160616
35,0.003076146,0.000845248,0.00221745
