n_var,time
25,0.757678048
100,0.19863356
225,0.035128275
400,0.243797714
625,0.202479989
900,0.407798499
1225,1.289962407
1600,1.585641225
2025,2.58058982
2500,4.041437950000001
3025,5.599436806
3600,7.669582901
4225,12.690551164
4900,14.197587087999999
5625,17.072453441
6400,22.056528
7225,30.424986594
8100,35.9456581
9025,42.253429421
10000,52.845005722
