n_var,time
25,0.1381396
100,0.0148421
225,0.016173800000000002
400,0.07648920000000001
625,0.24417319999999998
900,0.3218498
1225,0.3448703
1600,0.9732887
2025,1.4564618
2500,2.6650103
3025,3.6448599
3600,5.577223099999999
4225,7.6907764
4900,9.5780614
5625,12.055135700000001
6400,15.3739069
7225,18.951059700000002
8100,24.6987143
9025,30.4270662
10000,37.6230104
