n_var,time
25,0.180955431
100,0.008689517
225,0.025294240000000003
400,0.074810205
625,0.19373880300000001
900,0.627199123
1225,0.936386476
1600,1.055642777
2025,1.879555607
2500,2.006586244
3025,2.781008221
3600,3.376320357
4225,5.014065028
4900,5.058410788
5625,7.343768038
6400,9.651726811
7225,9.616679754
8100,11.319228777
9025,13.719375978999999
10000,15.973472663
