n_var,time
25,0.0055552
100,0.016445500000000002
225,0.0167998
400,0.042845299999999996
625,0.1220845
900,0.1477162
1225,0.30672530000000003
1600,0.5416192
2025,0.9280499
2500,1.6127270999999999
3025,2.6576287
3600,3.6319249
4225,5.145912999999999
4900,6.6182891
5625,8.6964121
6400,11.7888161
7225,15.661793300000001
8100,19.4130468
9025,24.8236904
10000,29.935327899999997
